file,title,knowledge_id,bytes,parse_status,summary_status,enable_status
63式水陆坦克.md,63式水陆坦克.md,4ee9de55-a822-453d-a07c-35db58a7b95f,5237,completed,completed,enabled
8250.md,8250.md,a6715794-9213-43f0-99d0-21c8f12bd1c1,2024,completed,completed,enabled
AC4000型电力机车.md,AC4000型电力机车.md,eaf756a6-e46d-4b62-b495-f956d7bd9e54,7330,completed,completed,enabled
AN_APG-68雷达.md,AN_APG-68雷达.md,434c48c7-e375-4767-8751-e0caa2ec2fb9,3201,completed,completed,enabled
AVCS主动阀门控制系统.md,AVCS主动阀门控制系统.md,0826583e-3724-4553-9f1e-d98ab354d113,2688,completed,completed,enabled
DJS-130计算机.md,DJS-130计算机.md,4b9ccca7-c63e-4c9a-b6e1-6fa5b2ad57d7,7182,completed,completed,enabled
DVM2型柴油机车.md,DVM2型柴油机车.md,cf8813e1-98dc-41d7-aaf9-6f4805209dab,4497,completed,completed,enabled
Duga远程警戒雷达.md,Duga远程警戒雷达.md,66d6e0b5-7c48-4b28-89e7-180b99dfb8cf,4547,completed,completed,enabled
ED6型电力动车组.md,ED6型电力动车组.md,e4e42763-2b66-4eb5-882c-c59d8f47529a,4693,completed,completed,enabled
ED9型电力动车组.md,ED9型电力动车组.md,58b1b7ec-aef6-45f7-9d28-3ff0f618c1dc,5803,completed,completed,enabled
EN3型电力动车组.md,EN3型电力动车组.md,da2e5469-da8d-4aa1-a99b-98124554a008,6877,completed,completed,enabled
EPL9T型电力动车组.md,EPL9T型电力动车组.md,affa6352-74d6-4852-a82f-48f5b326cb5e,2986,completed,completed,enabled
ER12型电力动车组.md,ER12型电力动车组.md,f13e7f3c-6a43-45be-9c60-9700c01a41e5,3836,completed,completed,enabled
ER29型电力动车组.md,ER29型电力动车组.md,52d40846-9a1c-4f61-9170-9893ff7cbf95,1879,completed,completed,enabled
ET2A型电力动车组.md,ET2A型电力动车组.md,40eeb453-263b-429e-8762-b70e5428b73d,6508,completed,completed,enabled
I-Stop怠速熄火系统.md,I-Stop怠速熄火系统.md,0a09bd44-5a38-48ca-b4a4-00cb5e6c6e97,3716,completed,completed,enabled
IPEX症候群.md,IPEX症候群.md,d544acf7-4033-4b25-a59a-367352ccf5f8,3979,completed,completed,enabled
JR东日本E501系电力动车组.md,JR东日本E501系电力动车组.md,b7175b3b-a6b2-496a-a453-5184e25fba3f,4359,completed,completed,enabled
JR西日本125型电联车.md,JR西日本125型电联车.md,2dc144b0-9af0-450b-a32d-9f0a6a46bb19,5668,completed,completed,enabled
JR货物ED500型电力机车.md,JR货物ED500型电力机车.md,dde02580-1b7f-4395-954f-6b14d9a2209b,8244,completed,completed,enabled
KSP-76.md,KSP-76.md,9ac47d36-2455-4641-bc10-19e1001c2bdb,7663,completed,completed,enabled
LOT波兰航空16号班机事故.md,LOT波兰航空16号班机事故.md,749caf0f-2b31-47bc-85c3-fe075ce59763,5823,completed,completed,enabled
Mbed.md,Mbed.md,c7e9dbbd-c667-4912-bc6e-16ee1cbef356,3053,completed,completed,enabled
NYJ1型柴油动车组.md,NYJ1型柴油动车组.md,c54517c8-be4a-4c60-a607-99dd1345727d,6301,completed,completed,enabled
NZJ型柴油动车组.md,NZJ型柴油动车组.md,2eca8844-3e80-47c6-834f-620aef3bd1c8,5070,completed,completed,enabled
Pixel.md,Pixel.md,a000e5bf-d8cb-44a1-9a6e-dc2b97cd31cd,6488,completed,completed,enabled
Pixel_2.md,Pixel_2.md,9558d915-48b4-4a07-a441-d84d9d7087f1,6183,completed,completed,enabled
Simulation.md,Simulation.md,151d53ff-224e-4aa4-a305-0bb377093b80,4926,completed,completed,enabled
Split-pi架构的原理.md,Split-pi架构的原理.md,274b1a6d-f9ce-4dd8-b4ec-773a666951da,1771,completed,completed,enabled
TE114型柴油机车.md,TE114型柴油机车.md,5a8710cc-d85f-4d24-915e-6768e40c9f07,3790,completed,completed,enabled
TE120型柴油机车.md,TE120型柴油机车.md,b060aaa3-7df5-451e-9326-c41ffc2ac364,6662,completed,completed,enabled
TE2型柴油机车.md,TE2型柴油机车.md,595e08f4-3f62-4c0e-a49e-78c4f6b27051,7084,completed,completed,enabled
TE7型柴油机车.md,TE7型柴油机车.md,4fd3e7fc-dbc8-4b65-8ae8-8632e36e4cec,4196,completed,completed,enabled
TEM12型柴油机车.md,TEM12型柴油机车.md,e02f1e44-8f28-4535-b814-040522fefc14,2883,completed,completed,enabled
TEM5型柴油机车.md,TEM5型柴油机车.md,35bf6188-652c-4a6e-b351-22b28eb1111a,2763,completed,completed,enabled
TEM6型柴油机车.md,TEM6型柴油机车.md,fc8d52cc-8e17-4b77-98ec-c7addeaccbc8,3733,completed,completed,enabled
TERA1型柴油机车.md,TERA1型柴油机车.md,776ac278-bfa1-4776-99db-1b6f6f59d108,3222,completed,completed,enabled
TG100型柴油机车.md,TG100型柴油机车.md,dcef24e8-9aab-4860-8559-481686b05995,2906,completed,completed,enabled
TG102型柴油机车.md,TG102型柴油机车.md,811c9982-43c7-4433-b351-79e5af9af5df,5370,completed,completed,enabled
TG105型柴油机车.md,TG105型柴油机车.md,df609fa4-c1e6-40d5-a672-3ec6757efcfd,3048,completed,completed,enabled
TG106型柴油机车.md,TG106型柴油机车.md,6cb5eef6-0ca3-4146-a2db-45a573bae1b0,5750,completed,completed,enabled
TGM4型柴油机车.md,TGM4型柴油机车.md,2587e8bc-5651-4de0-9323-71c4628ca0ec,3583,completed,completed,enabled
U34CH型柴油机车.md,U34CH型柴油机车.md,356ac0e5-3950-4a1c-9ea8-3982413843ea,2509,completed,completed,enabled
ULN2003A.md,ULN2003A.md,f5bdf80b-e250-45b0-bf2b-5974dce822f2,2578,completed,completed,enabled
V-by-One.md,V-by-One.md,3ea9962f-38f8-43c5-9425-70c544a7237d,6180,completed,completed,enabled
VL61型电力机车.md,VL61型电力机车.md,4b212ef3-583b-473d-99d9-60a1a05a22bc,4019,completed,completed,enabled
VL83型电力机车.md,VL83型电力机车.md,356502b4-8e41-48ad-817e-3a2f719bb199,2571,completed,completed,enabled
VL84型电力机车.md,VL84型电力机车.md,5a1f304c-fb15-435c-83cb-dd4b61bc778c,2323,completed,completed,enabled
VL86F型电力机车.md,VL86F型电力机车.md,aa3b54fa-e98f-4b02-8e4d-e8c0aabc4bbd,2565,completed,completed,enabled
三极管类的B类推挽输出.md,三极管类的B类推挽输出.md,5b1ac473-718c-4102-8fef-664302a8bd12,4578,completed,completed,enabled
上拉电阻.md,上拉电阻.md,c5b1b7a6-49ad-4e64-9187-d290056fde52,3090,completed,completed,enabled
不同封装的二极体电桥.md,不同封装的二极体电桥.md,f2b1ef7b-30ca-4169-9c31-5eea497d73dc,5405,completed,completed,enabled
不间断电源.md,不间断电源.md,bfa0e872-7d4b-4e67-9dc2-ee9242cca0f9,5001,completed,completed,enabled
东京地铁15000系电力动车组.md,东京地铁15000系电力动车组.md,66951067-a768-45c2-8d0a-432e45402992,5148,completed,completed,enabled
东京都交通局10-000型电联车.md,东京都交通局10-000型电联车.md,cc3441ad-d101-40b1-ba61-be4de83afcb2,5288,completed,completed,enabled
东京都交通局12-600型电力动车组.md,东京都交通局12-600型电力动车组.md,ae068a0b-69f2-474f-92f0-723f3ca08b32,3502,completed,completed,enabled
东京都交通局5300型电联车为东京都交通局.md,东京都交通局5300型电联车为东京都交通局.md,cbaa53b8-b689-48a8-86ac-78ff769072bb,5558,completed,completed,enabled
东京都交通局6300型电力动车组为东京都交通局.md,东京都交通局6300型电力动车组为东京都交通局.md,064a84c3-0d84-4bd2-b7e5-1a94584b2440,5153,completed,completed,enabled
东京都交通局E5000型电力机车.md,东京都交通局E5000型电力机车.md,b70e88f2-e44c-4c5d-adf3-c036f55c7867,3829,completed,completed,enabled
东洋电机制造股份有限公司.md,东洋电机制造股份有限公司.md,fe9d7d66-f133-4b74-8da2-0f4a81e3dc82,5127,completed,completed,enabled
东风11D型柴油机车.md,东风11D型柴油机车.md,66c713b7-24dd-4ac5-8447-7fbb901a6caa,6611,completed,completed,enabled
东风21型柴油机车.md,东风21型柴油机车.md,202447d2-b30e-4d12-bdee-d699ab76ebbe,3389,completed,completed,enabled
东风7J型柴油机车.md,东风7J型柴油机车.md,6e0f8ff5-ef7d-493a-a554-76ea9d5a7481,2467,completed,completed,enabled
东风8D型柴油机车.md,东风8D型柴油机车.md,4c2e01f7-85fc-4b02-b69d-89da4a523c27,7476,completed,completed,enabled
中国铁路25A型客车.md,中国铁路25A型客车.md,b05d567d-7dcd-43ef-aa1e-b2b14c713646,5154,completed,completed,enabled
丰田混合动力系统.md,丰田混合动力系统.md,365b5071-7491-4e03-8146-2c4f69bb5b27,6978,completed,completed,enabled
主动整流.md,主动整流.md,47b6e6b5-2442-4983-9b6f-3321ca8527cd,4546,completed,completed,enabled
主飞行显示器.md,主飞行显示器.md,863b9992-0ae5-4ae9-a61e-9d3658a52c62,5268,completed,completed,enabled
亚的斯亚贝巴轻轨.md,亚的斯亚贝巴轻轨.md,0ebc62e6-3bcf-4141-8650-bb2ea3c8d91c,4311,completed,completed,enabled
交流_交流转换器.md,交流_交流转换器.md,0fb9b718-afbd-42eb-b997-eed4cac8bd14,3647,completed,completed,enabled
交流电抗器.md,交流电抗器.md,1e9bb50a-71e7-4c44-8b81-1267ba0c5e46,968,completed,completed,enabled
京急2100型电联车.md,京急2100型电联车.md,9eed4555-f0cf-4404-b263-7fbecbf54cd8,3683,completed,completed,enabled
企业服务总线.md,企业服务总线.md,c715f4db-7ce9-464b-ad70-90984e98e28d,3431,completed,completed,enabled
企业系统规划.md,企业系统规划.md,a70d63e1-7b86-4639-b922-b7554b08e300,6612,completed,completed,enabled
保险丝.md,保险丝.md,17e96583-64f2-450c-b8fc-b01b80f0eff5,5006,completed,completed,enabled
充电器.md,充电器.md,6ea6d83d-b418-43b4-8c76-4034325768df,3110,completed,completed,enabled
充电桩.md,充电桩.md,cc5fd93e-9cb1-4843-b8fe-f3bb2889cd17,7769,completed,completed,enabled
先锋测试飞行器三号.md,先锋测试飞行器三号.md,656cecf8-a723-41f4-abb2-7c764d521077,4986,completed,completed,enabled
光伏逆变器.md,光伏逆变器.md,28060743-8724-4288-9c37-fa2a9e82ab24,6242,completed,completed,enabled
光声光谱.md,光声光谱.md,d652f49e-32fe-4d7c-b53f-ebcaf6d28c87,3565,completed,completed,enabled
光学晶体管.md,光学晶体管.md,e56f076b-bfe9-4682-a6f0-8722f74892b5,6180,completed,completed,enabled
光电二极管的符号.md,光电二极管的符号.md,a79b9b92-bb90-454a-b843-d307d02b0727,7633,completed,completed,enabled
光隔离探头.md,光隔离探头.md,ecbac594-9265-4413-8c1e-99a72e06ad52,8048,completed,completed,enabled
全热交换机.md,全热交换机.md,51eee768-243e-47ae-b243-7ee5d98759fe,6709,completed,completed,enabled
再生制动.md,再生制动.md,fa3a521c-050b-4662-991f-3ec4e395584d,3902,completed,completed,enabled
冷阴极萤光灯用逆变器.md,冷阴极萤光灯用逆变器.md,aba2e1a2-7039-46fb-ae12-fac5ef2534f0,3805,completed,completed,enabled
减载.md,减载.md,30673d7b-147b-4af9-9b98-5fa22e237301,1555,completed,completed,enabled
分电器.md,分电器.md,d3eb8c10-4f6a-4375-b7e9-49e4e8fdf3ec,3059,completed,completed,enabled
到达时间差.md,到达时间差.md,6a9202c7-66da-46ba-9b31-5ec1355ef838,2701,completed,completed,enabled
功率因数修正电路的效果.md,功率因数修正电路的效果.md,480a64fc-93f6-49d7-9b61-86c48ecbd7ca,4508,completed,completed,enabled
加那利大型望远镜的主动光学促动器.md,加那利大型望远镜的主动光学促动器.md,7f762637-5527-4189-8941-de83e9c3b4d8,4012,completed,completed,enabled
北京地铁一号线.md,北京地铁一号线.md,5e5af26f-c5e8-400b-81ca-0435f2a2b24f,7291,completed,completed,enabled
千斤顶.md,千斤顶.md,78b2fd8b-8471-4d07-9638-030bb1297238,7109,completed,completed,enabled
单相异步电动机.md,单相异步电动机.md,e60897db-1028-454c-8668-a6096ca5ea73,5051,completed,completed,enabled
卡尔·布劳恩.md,卡尔·布劳恩.md,bdb0f7e4-8712-4810-a8c1-a830d25dfe97,7193,completed,completed,enabled
即热式燃气热水器.md,即热式燃气热水器.md,b67fd68b-3de6-4c4e-925b-54d7eab0c467,4969,completed,completed,enabled
压力传感器.md,压力传感器.md,0a4649da-e808-4bc4-9dce-b799ab0e18b8,3971,completed,completed,enabled
压延成型.md,压延成型.md,73052061-fa0e-446c-9544-44b6083f4fdd,6357,completed,completed,enabled
发动机防盗锁止系统.md,发动机防盗锁止系统.md,28818016-cee8-4168-b5c1-4d3728feb920,2616,completed,completed,enabled
发电机.md,发电机.md,33066bcc-90e6-4728-8ef7-69ac46638f4e,5859,completed,completed,enabled
可关断晶闸管.md,可关断晶闸管.md,6d722cb1-395f-49ad-9939-8b7b0752d361,4148,completed,completed,enabled
台铁R180.md,台铁R180.md,2c27b586-c615-4e6d-8886-6ac599262e0b,7889,completed,completed,enabled
同步电动机.md,同步电动机.md,6b687758-8a53-483e-b124-b5c58b4f92d4,2587,completed,completed,enabled
呼叫中心.md,呼叫中心.md,f68771ad-c495-4cb2-b8ee-56644ca048ee,4294,completed,completed,enabled
品质因数.md,品质因数.md,edc68af7-546f-4f68-8bf9-7ee877dd4d0e,1376,completed,completed,enabled
回转窑.md,回转窑.md,6381f230-a0c6-47e3-9c13-b7b43c5024f1,6680,completed,completed,enabled
在无线电通信中.md,在无线电通信中.md,257367c3-aa29-4a40-8602-63fc56ba060e,6612,completed,completed,enabled
在物理学和电机工程学中.md,在物理学和电机工程学中.md,a42a8d12-a6d1-4b26-8a96-769bfdc32363,3124,completed,completed,enabled
在电子学.md,在电子学.md,2c1688b6-ec9a-4cc4-a901-1d9a6b9e8ceb,3366,completed,completed,enabled
在电气工程中.md,在电气工程中.md,11e00295-2758-4dc0-a0bd-ae0b66c39deb,2652,completed,completed,enabled
在线模型.md,在线模型.md,38e7d043-0a89-4e84-bdd7-327c38b3e041,3534,completed,completed,enabled
在计算机视觉领域.md,在计算机视觉领域.md,0c355ba3-3a61-4dea-8279-b94c3c7e693c,6520,completed,completed,enabled
地中海贫血.md,地中海贫血.md,7a9261a5-6c0c-4f5a-8ee9-82de43a801dd,6381,completed,completed,enabled
地球静止轨道.md,地球静止轨道.md,789d1fc6-7a41-4734-a1d7-81477f19342f,7926,completed,completed,enabled
地震检波器.md,地震检波器.md,ad46ee9d-969c-4b44-9a16-92218d54938a,2876,completed,completed,enabled
坚果手机U1.md,坚果手机U1.md,341d16a5-9779-42d7-a4e5-de51bb583ef9,5854,completed,completed,enabled
埃森哲.md,埃森哲.md,2bbbe150-5cb9-492b-b088-1bc34a17ad77,5936,completed,completed,enabled
基因预测.md,基因预测.md,0a295d6a-74bc-437e-93c3-8f2063718269,6742,completed,completed,enabled
填谷式电路或填谷电路.md,填谷式电路或填谷电路.md,d598f6af-08ae-4857-8cb0-006e836edd5c,2359,completed,completed,enabled
增压器.md,增压器.md,d51c67aa-3cab-4bff-8c26-798ec6efaeab,3987,completed,completed,enabled
声学多普勒流速剖面仪.md,声学多普勒流速剖面仪.md,19508df9-6a8b-410a-bf4d-028f4137e61f,7313,completed,completed,enabled
天梭型电力机车.md,天梭型电力机车.md,9daba29f-90ec-4567-aa51-00f835030251,7404,completed,completed,enabled
天气表示大气在某个特定时间和空间的状态.md,天气表示大气在某个特定时间和空间的状态.md,74350516-f58e-4d99-9904-f017d79d608b,6498,completed,completed,enabled
天线.md,天线.md,6e317d97-967f-4a14-81be-e77f47f3cca6,8802,completed,completed,enabled
天驰号柴油动车组.md,天驰号柴油动车组.md,c9000649-6cd9-4703-a524-9aeefbba7cb8,3357,completed,completed,enabled
太阳能光伏.md,太阳能光伏.md,bc61f881-d6cd-455a-8652-ff37b5235fef,7866,completed,completed,enabled
奥托四冲程发动机.md,奥托四冲程发动机.md,49c13546-8b45-4581-ab55-689026941351,5824,completed,completed,enabled
如果从定量的角度去研究细胞的时候.md,如果从定量的角度去研究细胞的时候.md,89d8ac82-6855-4da0-8da9-9ffe95110f38,8452,completed,completed,enabled
威廉·肖克利.md,威廉·肖克利.md,eedfdff1-e41d-4246-a704-4c8657b9c73d,6585,completed,completed,enabled
安全继电器.md,安全继电器.md,8f53adc3-f4c3-4cac-b8ab-72901c0af87d,3793,completed,completed,enabled
安定器.md,安定器.md,c14083f9-1099-4853-a76a-a76cbd36d424,4588,completed,completed,enabled
定时开关.md,定时开关.md,146fd75c-e97e-4716-9a99-752109c1fe85,3489,completed,completed,enabled
寄存器堆.md,寄存器堆.md,c70776ec-e5eb-4e12-b24e-366e05382b1e,6314,completed,completed,enabled
射出成型机.md,射出成型机.md,0a92b73e-286b-4f7f-ac63-ab2e119a550a,7580,completed,completed,enabled
射电天文学.md,射电天文学.md,08c9e461-e149-4b64-a784-fe8872382e06,7479,completed,completed,enabled
尖兵系列卫星.md,尖兵系列卫星.md,aeeea4d6-2ae1-4fa8-b8ec-fa1f2aee80d2,5258,completed,completed,enabled
布赫利驱动方式.md,布赫利驱动方式.md,3eec038e-9e0f-47cd-b852-592a32b23572,8247,completed,completed,enabled
带 (机械).md,带 (机械).md,a7dd9a79-bb47-4875-8009-d0248221ca92,3263,completed,completed,enabled
常染色体显性多囊肾.md,常染色体显性多囊肾.md,8bff0ae1-e2f0-45d8-9aaf-7fa559519099,7052,completed,completed,enabled
平衡传输线.md,平衡传输线.md,770b5531-efe4-4b42-bd86-198ba454f352,7444,completed,completed,enabled
广州地铁二号线增购列车.md,广州地铁二号线增购列车.md,2247a0a1-dd8d-40eb-b1d7-3dd33d514c28,6147,completed,completed,enabled
开机自我检测卡.md,开机自我检测卡.md,8f1f8b9c-5bc8-4c26-b2bf-153661c4e848,2465,completed,completed,enabled
开集极电路.md,开集极电路.md,43a23f4c-6f03-4c1f-aca0-24e2c254ce6e,2610,completed,completed,enabled
微机电系统.md,微机电系统.md,b7b191d9-2c41-40a1-887b-e20384fa75a1,6540,completed,completed,enabled
微泡.md,微泡.md,5ec108c7-a84b-4cec-9b4b-76113401c2f9,8443,completed,completed,enabled
微流控.md,微流控.md,c4762739-ed13-4021-a363-d56771cddce4,3393,completed,completed,enabled
德国国营铁路230型电力机车.md,德国国营铁路230型电力机车.md,4067c186-9a75-4cb2-a032-1d661b626f6b,7916,completed,completed,enabled
德国国营铁路250型电力机车.md,德国国营铁路250型电力机车.md,713e8b06-6c97-4e52-8943-aba27a9172e5,6939,completed,completed,enabled
德国国营铁路E251型电力机车.md,德国国营铁路E251型电力机车.md,a776bec8-6069-4e89-82d3-9a266c931554,5972,completed,completed,enabled
德国国营铁路E42型电力机车.md,德国国营铁路E42型电力机车.md,6ebd9183-a46a-481d-92f4-5d193c9d85e4,5568,completed,completed,enabled
德国联邦铁路210型柴油机车.md,德国联邦铁路210型柴油机车.md,f81ac797-ba90-493b-829c-28d858cf9810,7453,completed,completed,enabled
德国联邦铁路215型柴油机车.md,德国联邦铁路215型柴油机车.md,434bfdea-752d-42f1-809c-68632813fc7d,7001,completed,completed,enabled
德国联邦铁路E410型电力机车.md,德国联邦铁路E410型电力机车.md,6514ffd9-8b80-406d-a0cd-8e06c5f5b1ca,4219,completed,completed,enabled
德国联邦铁路E50型电力机车.md,德国联邦铁路E50型电力机车.md,5f8395f9-c695-4b28-933e-5fd3133679a3,7121,completed,completed,enabled
感应加热.md,感应加热.md,20f11253-4107-4511-a207-a8ef8933a3b8,6651,completed,completed,enabled
户外广告机.md,户外广告机.md,40b9d6e0-7fbf-41d4-8af5-07fdb16f44d0,3931,completed,completed,enabled
扼流圈.md,扼流圈.md,26f1b6d6-1987-4803-ad8d-b5cc25947a5b,6038,completed,completed,enabled
抛负载.md,抛负载.md,68b21081-314c-4268-bb31-1736be87c6d5,2597,completed,completed,enabled
振荡线圈变换器.md,振荡线圈变换器.md,08531fa3-3be2-44ad-99d4-3f29ba8b909e,6231,completed,completed,enabled
斯纳普10A型.md,斯纳普10A型.md,44a61e35-ac9e-4816-8301-ac24970d390b,6850,completed,completed,enabled
无差拍控制.md,无差拍控制.md,8aacab9e-f3d4-4ace-b1fb-a86f09746394,1297,completed,completed,enabled
无段自动变速器.md,无段自动变速器.md,2e1bf332-39d6-4ed1-a395-dcc99b23ba99,6970,completed,completed,enabled
日本国铁105系电联车.md,日本国铁105系电联车.md,5bba5711-ea0e-44ef-946f-08262b53c18b,3451,completed,completed,enabled
日本国铁DC11型柴油机车.md,日本国铁DC11型柴油机车.md,b344c931-d4d8-477a-84dc-ab6cbaad460f,4613,completed,completed,enabled
日本国铁DD15型柴油机车.md,日本国铁DD15型柴油机车.md,67310ddd-30d2-4bcf-bf15-4d64a22d9031,7456,completed,completed,enabled
日本国铁DF41型柴油机车.md,日本国铁DF41型柴油机车.md,d8fef412-9455-4a36-9eae-d7d26414a9a2,3261,completed,completed,enabled
日本国铁DF90型柴油机车.md,日本国铁DF90型柴油机车.md,b0a6ec96-ff9b-424e-8d90-074adf76af11,7300,completed,completed,enabled
日本国铁DF93型柴油机车.md,日本国铁DF93型柴油机车.md,91d1252b-734b-491e-b6d4-1eadb435dff2,5956,completed,completed,enabled
日本国铁ED12型电力机车.md,日本国铁ED12型电力机车.md,a65f5d83-9f61-4a18-b299-389a373453b0,5828,completed,completed,enabled
日本国铁ED46型电力机车.md,日本国铁ED46型电力机车.md,b346037c-9d1e-4975-a8ee-f3a03b1f0a48,7768,completed,completed,enabled
日本国铁ED53型电力机车.md,日本国铁ED53型电力机车.md,2c43941f-42b8-40d5-b16d-cb9ef9b2ff54,5220,completed,completed,enabled
日本国铁ED54型电力机车.md,日本国铁ED54型电力机车.md,5523e057-e0f8-4693-aebc-0256f1f6da07,5088,completed,completed,enabled
日本国铁ED56型电力机车.md,日本国铁ED56型电力机车.md,64411c37-a11e-41b4-a8fa-1663551af735,3594,completed,completed,enabled
日本国铁ED57型电力机车.md,日本国铁ED57型电力机车.md,832436c6-74e7-47f4-bad4-3b45df8f8488,3153,completed,completed,enabled
日本国铁ED70型电力机车.md,日本国铁ED70型电力机车.md,1e842503-f9f8-41c3-8d99-266f17f0e331,7249,completed,completed,enabled
日本国铁ED73型电力机车.md,日本国铁ED73型电力机车.md,70c4ce97-5501-4a62-a991-4df76a893334,7576,completed,completed,enabled
日本国铁ED74型电力机车.md,日本国铁ED74型电力机车.md,ed17810a-f1fb-43b9-b366-91a2cfb369c2,7003,completed,completed,enabled
日本国铁EF13型电力机车.md,日本国铁EF13型电力机车.md,5d8fdcba-e177-411d-9396-a37598b84ca1,6683,completed,completed,enabled
日本国铁EF50型电力机车.md,日本国铁EF50型电力机车.md,f751c969-0a96-4d57-acea-12758b234ba2,4160,completed,completed,enabled
日本国铁EF53型电力机车.md,日本国铁EF53型电力机车.md,a0f20eef-5c11-4678-b59e-e78c759e9f6d,6739,completed,completed,enabled
日本国铁EF56型电力机车.md,日本国铁EF56型电力机车.md,933fd427-0ed7-4bbf-a58b-f5844d21de04,4900,completed,completed,enabled
日本国铁EF57型电力机车.md,日本国铁EF57型电力机车.md,1952e5e4-06b4-4e5f-96e0-9b72940f4be3,7534,completed,completed,enabled
旭格国际集团.md,旭格国际集团.md,33c49c5c-4e2a-418e-9401-a6ff5d8db72d,7203,completed,completed,enabled
星际边界探测器.md,星际边界探测器.md,a2dc81ed-e517-4c07-a119-75bb7c2bab8a,5307,completed,completed,enabled
晶体闸流管.md,晶体闸流管.md,c9206256-423d-4e52-b5f0-0940811974d7,4063,completed,completed,enabled
曲波变换.md,曲波变换.md,d8079d05-a86c-4608-b442-ef883c6fdfc6,3206,completed,completed,enabled
有源负载又称主动式负载.md,有源负载又称主动式负载.md,f45806ea-4103-48cd-818c-318186a9e0c4,3352,completed,completed,enabled
有限空间作业.md,有限空间作业.md,9f724ee4-1a1e-4b26-9409-3ffde9fb8271,6209,completed,completed,enabled
本质安全.md,本质安全.md,e9ecb3ba-0de7-4ce4-a104-cf02af2e947b,3941,completed,completed,enabled
机器人学习.md,机器人学习.md,1cf55b22-f740-49c7-8fe1-eb69613c679c,2017,completed,completed,enabled
架空电缆.md,架空电缆.md,635bd650-8a63-4d2a-963e-559a7b814e75,6391,completed,completed,enabled
树枝在暴风雨中将电线短路.md,树枝在暴风雨中将电线短路.md,0ddefe29-f4ef-4695-b3bb-818b3e20925b,3013,completed,completed,enabled
核反应堆冷却剂.md,核反应堆冷却剂.md,e7428cfa-3a57-4180-9c84-6c2d228d9ebe,3961,completed,completed,enabled
死区.md,死区.md,ee690c68-b405-4822-811c-1352b9c17222,2513,completed,completed,enabled
气动马达也称为风动马达.md,气动马达也称为风动马达.md,040c2eca-5266-4eac-afcd-67bdcc52f8c6,1484,completed,completed,enabled
永久模铸造法.md,永久模铸造法.md,0995c09a-baf5-4c7e-928d-82f322573c19,6507,completed,completed,enabled
汉密尔顿级巡逻舰.md,汉密尔顿级巡逻舰.md,f46a6c8c-3130-401e-a571-53787ee2edfd,5231,completed,completed,enabled
汽油引擎.md,汽油引擎.md,70113246-82aa-4cc9-91e7-46ad2a109a09,4469,completed,completed,enabled
注射周期.md,注射周期.md,acf6f7ab-9b5f-4bf5-83a0-9ade2749ce0a,7033,completed,completed,enabled
流变仪.md,流变仪.md,c4d3a2a4-3bd6-4cc0-8879-c40c3c3322d1,5564,completed,completed,enabled
测井.md,测井.md,5aa3b5d2-c5f0-40c7-8d63-442e853a2e0e,8346,completed,completed,enabled
测光表.md,测光表.md,ef82659d-0672-4083-b2f6-c6b7b76081fd,5664,completed,completed,enabled
浸渗.md,浸渗.md,02141be9-9f07-4b12-9476-7df9d8454792,2143,completed,completed,enabled
涡流制动.md,涡流制动.md,00b2cdf5-9bb5-4436-86a4-fa38d3480487,4714,completed,completed,enabled
润滑.md,润滑.md,ad7c5b80-0725-4c48-b196-12f7865bcc7b,3197,completed,completed,enabled
深圳地铁南车株机电动列车.md,深圳地铁南车株机电动列车.md,a875a43c-cd88-46e7-9d4e-07db0fadebfa,5619,completed,completed,enabled
深空原子钟.md,深空原子钟.md,e9828838-44db-45dc-ae08-241b01b4e545,3380,completed,completed,enabled
混频器的符号.md,混频器的符号.md,1df3cb2e-9254-400d-907d-3c9b9a8b0752,3936,completed,completed,enabled
清华大学工业工程系为清华大学机械工程学院五学系之一.md,清华大学工业工程系为清华大学机械工程学院五学系之一.md,f8265624-9a2a-4331-a99e-1ae74d7c5ad7,7193,completed,completed,enabled
澳门大学连接横琴口岸通道桥.md,澳门大学连接横琴口岸通道桥.md,2a5959fa-3c4d-4921-bc5f-cf3ff9db4be7,6558,completed,completed,enabled
激光器可以在连续或脉冲模式工作.md,激光器可以在连续或脉冲模式工作.md,3caa006e-e5ef-4d99-a283-2c6e686bc72d,2298,completed,completed,enabled
激光干涉空间天线.md,激光干涉空间天线.md,bfd03014-ed26-4ffd-8b06-e16c673ad369,7333,completed,completed,enabled
火星间歇泉跳跃者.md,火星间歇泉跳跃者.md,c85df452-27f4-4fa5-87fe-84e686a0b96a,7932,completed,completed,enabled
热电联产.md,热电联产.md,20d2aa01-c193-45b6-8464-83fb6752a335,7262,completed,completed,enabled
燃料加注机.md,燃料加注机.md,88bea27b-1096-48e7-af1a-4f041397e11b,3127,completed,completed,enabled
燃料喷射装置.md,燃料喷射装置.md,f389cad0-b92b-4b68-9e99-b706d50882c6,2971,completed,completed,enabled
环路增益.md,环路增益.md,edae5a1e-57cd-4bc1-88f2-4e01e67e14cc,1912,completed,completed,enabled
瑞士联邦铁路Am.md,瑞士联邦铁路Am.md,d4f734ab-4309-44a9-ae11-10c2d05d527d,6770,completed,completed,enabled
用于医学影像的线阵超声换能器.md,用于医学影像的线阵超声换能器.md,cfd6acfc-feb6-4232-ab8d-8c9014af033f,8502,completed,completed,enabled
电动三轮车.md,电动三轮车.md,efde8b22-7910-4d1d-93c9-233bd3cd0346,6965,completed,completed,enabled
电子号火箭.md,电子号火箭.md,7ac9275d-ef3f-4970-88e2-c4483fdc4dd3,3231,completed,completed,enabled
电子电路仿真.md,电子电路仿真.md,cce51808-b8df-4939-b981-82c716740504,4449,completed,completed,enabled
电工钢.md,电工钢.md,1e06c06b-7fa6-4147-92b1-1980ff28ecfb,3453,completed,completed,enabled
电弧故障.md,电弧故障.md,733d5447-94e2-4520-8bac-96ee222e16b7,1401,completed,completed,enabled
电机.md,电机.md,506dabd8-9d5f-4604-8906-d1111d2cc245,2682,completed,completed,enabled
电磁阀.md,电磁阀.md,beae74b0-8520-400f-ac92-78adc00f3970,1061,completed,completed,enabled
电阻制动.md,电阻制动.md,94357702-132d-4ad2-bdf4-7244b582a4e9,2999,completed,completed,enabled
直流刹车.md,直流刹车.md,2f08f000-e6fa-4731-ac50-c69eae7aa49e,3212,completed,completed,enabled
直驱式机构.md,直驱式机构.md,0843a5e8-4595-414f-b26c-6f9f28bab3c4,4201,completed,completed,enabled
相对漏电起痕指数.md,相对漏电起痕指数.md,28e3cec5-0d6f-42ef-85ba-2dc07b9f226b,2359,completed,completed,enabled
相干态.md,相干态.md,f7ce080c-1177-4698-ae5a-412b5ad09282,7213,completed,completed,enabled
相铁10000系电联车.md,相铁10000系电联车.md,bdca338c-b979-454c-add3-a07606292342,7459,completed,completed,enabled
瞬态电压抑制二极管也称为TVS二极管.md,瞬态电压抑制二极管也称为TVS二极管.md,ee58f28c-9869-4c06-b774-1c9d5406b5fe,2793,completed,completed,enabled
短时间负载.md,短时间负载.md,595f651e-8a58-4f7e-b168-5274318547f3,3804,completed,completed,enabled
砖 (电子设备).md,砖 (电子设备).md,4bab4b1a-252e-4dd8-916f-1b01f00bcbc0,5814,completed,completed,enabled
硬盘保护卡.md,硬盘保护卡.md,00b004c1-7a4f-4c72-a7a7-43b720296721,6492,completed,completed,enabled
碘坑.md,碘坑.md,c70c4942-284c-4c0a-b379-8489b93902f2,6246,completed,completed,enabled
磁饱和.md,磁饱和.md,b02aaa58-a2cc-4332-83f1-b355403a6e3d,4150,completed,completed,enabled
离合器.md,离合器.md,450c2633-c3bb-47d9-8c12-db1929233e01,3675,completed,completed,enabled
离子敏感场效应晶体管.md,离子敏感场效应晶体管.md,74db9fb8-0071-442a-9ccd-a020d71debdd,4271,completed,completed,enabled
稳压器或电压调节器.md,稳压器或电压调节器.md,14e3fb7f-861a-49c1-add0-cac7be272fc4,4314,completed,completed,enabled
第三代反应堆的安全性和经济性都将明显优于第二代反应堆.md,第三代反应堆的安全性和经济性都将明显优于第二代反应堆.md,97688a19-8be9-4d18-bffc-71cbfc37f634,4890,completed,completed,enabled
线性预测编码.md,线性预测编码.md,5f5e60ab-7105-420f-997d-bb9a2cb27943,4435,completed,completed,enabled
组策略.md,组策略.md,49aaae71-86dd-4693-8651-115770b79b80,7040,completed,completed,enabled
结型场效应管.md,结型场效应管.md,3a47dbec-bd4e-4e03-b98e-6126ffe64eb5,5120,completed,completed,enabled
绕线转子马达的示意图.md,绕线转子马达的示意图.md,aee66c07-004f-4545-ade4-4cc1cc14cc86,1479,completed,completed,enabled
维护或保养.md,维护或保养.md,5e04d0a0-2def-4029-8528-d49a33fcafec,4428,completed,completed,enabled
缓冲膨胀.md,缓冲膨胀.md,3ebcdc92-df0b-4767-b54b-2beba548fc23,6864,completed,completed,enabled
聚酰亚胺.md,聚酰亚胺.md,289989b1-e5b8-4683-92d3-b5935c42224e,5734,completed,completed,enabled
脑波.md,脑波.md,f034f611-bca6-441f-bab2-46b604628bca,5745,completed,completed,enabled
脑的亚稳态.md,脑的亚稳态.md,1fd88f2e-99ab-4d19-849c-1fd0720ae55e,6303,completed,completed,enabled
航空发动机.md,航空发动机.md,babcea72-a40b-4293-9c49-e6e2afaa070f,3263,completed,completed,enabled
苏联铁路SK型电力机车.md,苏联铁路SK型电力机车.md,58f2f86b-bad2-48fd-b0e4-b8b7e1c53930,3100,completed,completed,enabled
英国铁路92型电力机车.md,英国铁路92型电力机车.md,a633da3e-82c9-4fb4-940b-120c064b2c63,3537,completed,completed,enabled
西风号漫游车.md,西风号漫游车.md,08bc460f-f651-4bab-adac-1a207716d7b3,7981,completed,completed,enabled
视觉处理单元.md,视觉处理单元.md,4ff80048-d842-4999-84f2-ac6acd5d4e08,2458,completed,completed,enabled
调度.md,调度.md,7e260a12-08e3-4b20-afef-810636ed7443,5516,completed,completed,enabled
调节器.md,调节器.md,e6623c70-0efe-4239-89f8-0fede90b96f6,1539,completed,completed,enabled
谐振感应耦合.md,谐振感应耦合.md,55a26b8f-c4c9-41a4-bc34-bd74a7d23be8,5032,completed,completed,enabled
超音波马达为一种利用机械振动与摩擦力来产生推力的致动器.md,超音波马达为一种利用机械振动与摩擦力来产生推力的致动器.md,97bc9f6a-aaa5-4825-ac46-76d9f737159e,6347,completed,completed,enabled
越南铁路D18E型柴油机车.md,越南铁路D18E型柴油机车.md,8dc218ba-ffc2-4fdb-b8a1-33bbf8d56306,3076,completed,completed,enabled
越南铁路D19Er型柴油机车.md,越南铁路D19Er型柴油机车.md,dc002bd9-820c-424a-b663-2fe90259f51b,3614,completed,completed,enabled
越南铁路D19E型柴油机车.md,越南铁路D19E型柴油机车.md,1a19e2f5-dff2-4b6a-ba83-81ebaecc42f3,8137,completed,completed,enabled
轮系.md,轮系.md,5d72615a-fd32-4544-ba3c-1a6b72cadf61,2703,completed,completed,enabled
软件无线电.md,软件无线电.md,e9dd95ed-705c-485d-a8bc-e88e3bab3473,3978,completed,completed,enabled
轴电压.md,轴电压.md,042386c5-987a-4081-8b2b-3b0e785e72ed,2535,completed,completed,enabled
输入失调电压.md,输入失调电压.md,294e6273-53ee-44e8-a9e2-264ef3f9f5e9,1668,completed,completed,enabled
过电压指的.md,过电压指的.md,e9f204c9-ef53-4ed7-9278-9325110d0d47,1642,completed,completed,enabled
过载继电器.md,过载继电器.md,b49ff38e-ffd3-42f5-a318-56107fb116db,1885,completed,completed,enabled
进阶版气冷反应炉.md,进阶版气冷反应炉.md,cb20ca14-6f04-4450-8322-e71106e3a974,6011,completed,completed,enabled
迭代式开发也被称作迭代增量式开发或迭代进化式开发.md,迭代式开发也被称作迭代增量式开发或迭代进化式开发.md,0da71c7f-ec3b-40aa-bb02-0fb7a7e5e1c7,1264,completed,completed,enabled
通用垂直起降飞行器控制系统.md,通用垂直起降飞行器控制系统.md,1ba99343-c46c-4131-8c6b-cf89c66f7a43,5047,completed,completed,enabled
重放攻击.md,重放攻击.md,2c625c64-0dd1-4e35-9702-61877791ffdb,7197,completed,completed,enabled
金星大气层可操纵平台.md,金星大气层可操纵平台.md,43f23b3e-43f6-4175-bba2-3131aac4d1a2,5876,completed,completed,enabled
鑫诺六号通信卫星.md,鑫诺六号通信卫星.md,56f8d702-2f85-403d-8fdd-d32d888ddc5d,2244,completed,completed,enabled
铜损.md,铜损.md,a32674eb-ba53-4f78-87f1-7b716ecbb7b8,1774,completed,completed,enabled
铝电解电容器.md,铝电解电容器.md,e49347c2-99c1-412d-a4bc-9e7528e16ef0,4212,completed,completed,enabled
闪烁噪声.md,闪烁噪声.md,7a018d75-a75c-4c61-8647-87481a34d15d,4111,completed,completed,enabled
闸极驱动器.md,闸极驱动器.md,03095613-426b-4d7d-9067-35ecc3586f27,2849,completed,completed,enabled
隔离开关.md,隔离开关.md,94a48458-369b-4296-921e-73135865a9b7,1584,completed,completed,enabled
雪佛兰赛欧.md,雪佛兰赛欧.md,c0fff37d-daf2-4b16-9987-1ed3fb9ad551,6402,completed,completed,enabled
零速度开关.md,零速度开关.md,0cd66af8-9634-4357-a7e5-30a78ae8a413,1577,completed,completed,enabled
震测海洋学.md,震测海洋学.md,eaadbfca-12f8-4e7b-b669-54ee2e712671,4798,completed,completed,enabled
静冈铁道A3000型电联车.md,静冈铁道A3000型电联车.md,b926598b-3ee7-4291-a011-749656de3721,3507,completed,completed,enabled
韶山3C型电力机车.md,韶山3C型电力机车.md,c7a9c230-baed-4572-869d-fd74fc770b06,4420,completed,completed,enabled
顺向式变换器.md,顺向式变换器.md,6f647ae3-3c45-4f9d-a198-d38844ffca6e,1586,completed,completed,enabled
颗粒燃料供暖.md,颗粒燃料供暖.md,1f372934-d5b9-4b35-a168-5b209dcc151d,5537,completed,completed,enabled
飓风伊莎贝尔对宾夕法尼亚州的影响主要.md,飓风伊莎贝尔对宾夕法尼亚州的影响主要.md,6cbe4425-e7a1-411b-9002-4c19cca80a0a,7724,completed,completed,enabled
飞行测试仪.md,飞行测试仪.md,a7192503-6b11-48a0-821d-533add5ff549,1509,completed,completed,enabled
食物垃圾处理机.md,食物垃圾处理机.md,d5703f96-fd5a-4f2a-8311-05a5dc7dd69c,6940,completed,completed,enabled
马来亚铁道20型柴油机车.md,马来亚铁道20型柴油机车.md,0b034bf1-b6b5-44da-b88b-56eda637c7b9,3157,completed,completed,enabled
马来亚铁道92型电力动车组.md,马来亚铁道92型电力动车组.md,2e35f759-e5cc-4415-a882-844dd28ecb6e,5955,completed,completed,enabled
马达缓冲启动器.md,马达缓冲启动器.md,4ab267d0-517a-4089-b3bd-c39e900293c4,3433,completed,completed,enabled
高传真.md,高传真.md,cff2a76f-a1f9-44d1-95f2-114ce4fec422,3812,completed,completed,enabled
高压直流输电.md,高压直流输电.md,a08e989a-ade0-42a7-b959-d379026dd52c,2717,completed,completed,enabled
高强度气体放电灯.md,高强度气体放电灯.md,066777b8-9c5d-485d-a88d-e1f7accd3294,4733,completed,completed,enabled
鲁棒性.md,鲁棒性.md,50a499a4-b706-44c9-a65c-0a6ea54f7d28,3234,completed,completed,enabled
鸭河口火力发电厂.md,鸭河口火力发电厂.md,f9347389-b913-4386-b912-e28f3cb07f3f,6148,completed,completed,enabled
鼓形齿联轴器驱动方式.md,鼓形齿联轴器驱动方式.md,6f1147fc-bf09-4813-9268-78402265222e,7637,completed,completed,enabled
齿条.md,齿条.md,92ce4920-4c18-46fa-9429-93732b6b6814,2698,completed,completed,enabled
